{
  "name": "ng-file-upload",
  "main": "ng-file-upload.js",
  "homepage": "https://github.com/danialfarid/ng-file-upload",
  "dependencies": {
    "angular": ">1.2.0"
  },
  "authors": [
    "danialf <danial.farid@gmail.com>"
  ],
  "description": "Lightweight Angular JS directive to upload files. Support drag&drop, paste image, progress and abort",
  "ignore": [],
  "license": "MIT",
  "version": "12.2.12",
  "_release": "12.2.12",
  "_resolution": {
    "type": "version",
    "tag": "12.2.12",
    "commit": "1c5d9efb0dccad2fdfe485663e6f57c7df8a4147"
  },
  "_source": "https://github.com/danialfarid/angular-file-upload-bower.git",
  "_target": ">6.0.3",
  "_originalSource": "ng-file-upload"
}