{
  "name": "ng-file-upload-shim",
  "main": "ng-file-upload-shim.js",
  "homepage": "https://github.com/danialfarid/ng-file-upload",
  "dependencies": {
    "angular": ">1.2.0",
    "ng-file-upload": ">6.0.3"
  },
  "authors": [
    "danialf <danial.farid@gmail.com>"
  ],
  "description": "shim for ng-file-upload for non html5 browsers IE8-9",
  "ignore": [],
  "license": "MIT",
  "version": "12.2.12",
  "_release": "12.2.12",
  "_resolution": {
    "type": "version",
    "tag": "12.2.12",
    "commit": "c241d0a784ca91ccd948aa0a903dd449a28918f6"
  },
  "_source": "https://github.com/danialfarid/angular-file-upload-shim-bower.git",
  "_target": "*",
  "_originalSource": "ng-file-upload-shim"
}